,train_y,test_y,NN_train_pred_rep_0,NN_test_pred_rep_0,RF_train_pred_rep_0,RF_test_pred_rep_0,SVM_train_pred_rep_0,SVM_test_pred_rep_0,NN_train_pred_rep_1,NN_test_pred_rep_1,RF_train_pred_rep_1,RF_test_pred_rep_1,SVM_train_pred_rep_1,SVM_test_pred_rep_1,NN_train_pred_rep_2,NN_test_pred_rep_2,RF_train_pred_rep_2,RF_test_pred_rep_2,SVM_train_pred_rep_2,SVM_test_pred_rep_2,NN_train_pred_rep_3,NN_test_pred_rep_3,RF_train_pred_rep_3,RF_test_pred_rep_3,SVM_train_pred_rep_3,SVM_test_pred_rep_3,NN_train_pred_rep_4,NN_test_pred_rep_4,RF_train_pred_rep_4,RF_test_pred_rep_4,SVM_train_pred_rep_4,SVM_test_pred_rep_4,KNN_train_pred,KNN_test_pred,DT_train_pred,DT_test_pred,NB_train_pred,NB_test_pred,DT_train_pred_selectedfeat,DT_test_pred_selectedfeat,RF_train_pred_selectedfeat,RF_test_pred_selectedfeat
1970-01-01 00:58:00.300,labelwalking,,labelwalking,labelrunning,labelwalking,labelrunning,labelwalking,labelwalking,labelwalking,labelwalking,labelwalking,labelrunning,labelwalking,labelwalking,labelwalking,labelwalking,labelwalking,labelrunning,labelwalking,labelwalking,labelwalking,labelwalking,labelwalking,labelrunning,labelwalking,labelwalking,labelwalking,labelwalking,labelwalking,labelrunning,labelwalking,labelwalking,labelrunning,labelwalking,labelwalking,labelrunning,labelwalking,labelrunning,labelwalking,labelrunning,labelwalking,labelrunning
1970-01-01 00:58:03.000,labelwalking,,labelwalking,labelrunning,labelwalking,labelrunning,labelwalking,labelrunning,labelwalking,labelrunning,labelwalking,labelrunning,labelwalking,labelrunning,labelwalking,labelrunning,labelwalking,labelrunning,labelwalking,labelrunning,labelwalking,labelwalking,labelwalking,labelrunning,labelwalking,labelrunning,labelwalking,labelwalking,labelwalking,labelrunning,labelwalking,labelrunning,labelrunning,labelrunning,labelwalking,labelrunning,labelwalking,labelrunning,labelwalking,labelrunning,labelwalking,labelrunning
1970-01-01 00:58:05.700,labelwalking,,labelwalking,labelwalking,labelwalking,labelrunning,labelwalking,labelrunning,labelwalking,labelwalking,labelwalking,labelrunning,labelwalking,labelrunning,labelwalking,labelwalking,labelwalking,labelrunning,labelwalking,labelrunning,labelwalking,labelwalking,labelwalking,labelrunning,labelwalking,labelrunning,labelwalking,labelwalking,labelwalking,labelrunning,labelwalking,labelrunning,labelwalking,labelrunning,labelwalking,labelrunning,labelwalking,labelrunning,labelwalking,labelrunning,labelwalking,labelrunning
1970-01-01 00:58:08.400,labelwalking,,labelwalking,labelwalking,labelwalking,labelrunning,labelwalking,labelwalking,labelwalking,labelwalking,labelwalking,labelwalking,labelwalking,labelwalking,labelwalking,labelwalking,labelwalking,labelrunning,labelwalking,labelwalking,labelwalking,labelwalking,labelwalking,labelwalking,labelwalking,labelwalking,labelwalking,labelwalking,labelwalking,labelrunning,labelwalking,labelwalking,labelwalking,labelwalking,labelwalking,labelrunning,labelwalking,labelrunning,labelwalking,labelrunning,labelwalking,labelrunning
1970-01-01 00:58:11.100,labelwalking,,labelwalking,labelwalking,labelwalking,labelrunning,labelwalking,labelwalking,labelwalking,labelwalking,labelwalking,labelrunning,labelwalking,labelwalking,labelwalking,labelwalking,labelwalking,labelrunning,labelwalking,labelwalking,labelwalking,labelwalking,labelwalking,labelrunning,labelwalking,labelwalking,labelwalking,labelwalking,labelwalking,labelrunning,labelwalking,labelwalking,labelwalking,labelwalking,labelwalking,labelrunning,labelwalking,labelrunning,labelwalking,labelrunning,labelwalking,labelrunning
1970-01-01 00:58:13.800,labelwalking,,labelwalking,labelwalking,labelwalking,labelrunning,labelwalking,labelwalking,labelwalking,labelwalking,labelwalking,labelrunning,labelwalking,labelwalking,labelwalking,labelwalking,labelwalking,labelrunning,labelwalking,labelwalking,labelwalking,labelwalking,labelwalking,labelwalking,labelwalking,labelwalking,labelwalking,labelwalking,labelwalking,labelrunning,labelwalking,labelwalking,labelwalking,labelwalking,labelwalking,labelrunning,labelwalking,labelrunning,labelwalking,labelrunning,labelwalking,labelrunning
1970-01-01 00:58:16.500,labelwalking,,labelwalking,labelwalking,labelwalking,labelrunning,labelwalking,labelwalking,labelwalking,labelwalking,labelwalking,labelwalking,labelwalking,labelwalking,labelwalking,labelwalking,labelwalking,labelrunning,labelwalking,labelwalking,labelwalking,labelwalking,labelwalking,labelrunning,labelwalking,labelwalking,labelwalking,labelwalking,labelwalking,labelrunning,labelwalking,labelwalking,labelwalking,labelwalking,labelwalking,labelrunning,labelwalking,labelrunning,labelwalking,labelrunning,labelwalking,labelrunning
1970-01-01 00:58:19.200,labelwalking,,labelwalking,labelwalking,labelwalking,labelrunning,labelwalking,labelwalking,labelwalking,labelwalking,labelwalking,labelrunning,labelwalking,labelwalking,labelwalking,labelwalking,labelwalking,labelwalking,labelwalking,labelwalking,labelwalking,labelwalking,labelwalking,labelrunning,labelwalking,labelwalking,labelwalking,labelwalking,labelwalking,labelrunning,labelwalking,labelwalking,labelwalking,labelrunning,labelwalking,labelrunning,labelwalking,labelwalking,labelwalking,labelrunning,labelwalking,labelrunning
1970-01-01 00:58:21.900,labelwalking,,labelwalking,labelwalking,labelwalking,labelrunning,labelwalking,labelwalking,labelwalking,labelwalking,labelwalking,labelwalking,labelwalking,labelwalking,labelwalking,labelwalking,labelwalking,labelwalking,labelwalking,labelwalking,labelwalking,labelwalking,labelwalking,labelrunning,labelwalking,labelwalking,labelwalking,labelwalking,labelwalking,labelrunning,labelwalking,labelwalking,labelwalking,labelwalking,labelwalking,labelrunning,labelwalking,labelwalking,labelwalking,labelrunning,labelwalking,labelrunning
1970-01-01 00:58:24.600,labelwalking,,labelwalking,labelwalking,labelwalking,labelwalking,labelwalking,labelwalking,labelwalking,labelwalking,labelwalking,labelrunning,labelwalking,labelwalking,labelwalking,labelwalking,labelwalking,labelrunning,labelwalking,labelwalking,labelwalking,labelwalking,labelwalking,labelrunning,labelwalking,labelwalking,labelwalking,labelwalking,labelwalking,labelrunning,labelwalking,labelwalking,labelwalking,labelwalking,labelwalking,labelwalking,labelwalking,labelwalking,labelwalking,labelrunning,labelwalking,labelrunning
1970-01-01 00:58:27.300,labelwalking,,labelwalking,labelwalking,labelwalking,labelwalking,labelwalking,labelwalking,labelwalking,labelwalking,labelwalking,labelwalking,labelwalking,labelwalking,labelwalking,labelwalking,labelwalking,labelwalking,labelwalking,labelwalking,labelwalking,labelwalking,labelwalking,labelwalking,labelwalking,labelwalking,labelwalking,labelwalking,labelwalking,labelwalking,labelwalking,labelwalking,labelwalking,labelwalking,labelwalking,labelwalking,labelwalking,labelwalking,labelwalking,labelwalking,labelwalking,labelwalking
1970-01-01 00:58:30.000,labelwalking,,labelwalking,labelwalking,labelwalking,labelwalking,labelwalking,labelwalking,labelwalking,labelwalking,labelwalking,labelwalking,labelwalking,labelwalking,labelwalking,labelwalking,labelwalking,labelwalking,labelwalking,labelwalking,labelwalking,labelwalking,labelwalking,labelwalking,labelwalking,labelwalking,labelwalking,labelwalking,labelwalking,labelwalking,labelwalking,labelwalking,labelwalking,labelwalking,labelwalking,labelwalking,labelwalking,labelwalking,labelwalking,labelwalking,labelwalking,labelwalking
1970-01-01 00:58:32.700,labelwalking,,labelwalking,labelwalking,labelwalking,labelwalking,labelwalking,labelwalking,labelwalking,labelrunning,labelwalking,labelwalking,labelwalking,labelwalking,labelwalking,labelwalking,labelwalking,labelwalking,labelwalking,labelwalking,labelwalking,labelwalking,labelwalking,labelwalking,labelwalking,labelwalking,labelwalking,labelwalking,labelwalking,labelwalking,labelwalking,labelwalking,labelwalking,labelrunning,labelwalking,labelwalking,labelwalking,labelwalking,labelwalking,labelwalking,labelwalking,labelwalking
1970-01-01 00:58:35.400,labelwalking,,labelwalking,labelwalking,labelwalking,labelwalking,labelwalking,labelwalking,labelwalking,labelwalking,labelwalking,labelwalking,labelwalking,labelwalking,labelwalking,labelwalking,labelwalking,labelwalking,labelwalking,labelwalking,labelwalking,labelwalking,labelwalking,labelwalking,labelwalking,labelwalking,labelwalking,labelwalking,labelwalking,labelwalking,labelwalking,labelwalking,labelwalking,labelwalking,labelwalking,labelwalking,labelwalking,labelwalking,labelwalking,labelwalking,labelwalking,labelwalking
1970-01-01 00:58:38.100,labelwalking,,labelwalking,labelwalking,labelwalking,labelwalking,labelwalking,labelwalking,labelwalking,labelwalking,labelwalking,labelwalking,labelwalking,labelwalking,labelwalking,labelwalking,labelwalking,labelwalking,labelwalking,labelwalking,labelwalking,labelwalking,labelwalking,labelwalking,labelwalking,labelwalking,labelwalking,labelwalking,labelwalking,labelwalking,labelwalking,labelwalking,labelwalking,labelrunning,labelwalking,labelwalking,labelwalking,labelwalking,labelwalking,labelwalking,labelwalking,labelwalking
1970-01-01 00:58:40.800,labelwalking,,labelwalking,labelwalking,labelwalking,labelwalking,labelwalking,labelwalking,labelwalking,labelwalking,labelwalking,labelwalking,labelwalking,labelwalking,labelwalking,labelwalking,labelwalking,labelwalking,labelwalking,labelwalking,labelwalking,labelwalking,labelwalking,labelwalking,labelwalking,labelwalking,labelwalking,labelwalking,labelwalking,labelwalking,labelwalking,labelwalking,labelwalking,labelwalking,labelwalking,labelwalking,labelwalking,labelwalking,labelwalking,labelwalking,labelwalking,labelwalking
1970-01-01 00:58:43.500,labelwalking,,labelwalking,labelwalking,labelwalking,labelwalking,labelwalking,labelwalking,labelwalking,labelwalking,labelwalking,labelwalking,labelwalking,labelwalking,labelwalking,labelwalking,labelwalking,labelwalking,labelwalking,labelwalking,labelwalking,labelwalking,labelwalking,labelwalking,labelwalking,labelwalking,labelwalking,labelwalking,labelwalking,labelwalking,labelwalking,labelwalking,labelwalking,labelwalking,labelwalking,labelwalking,labelwalking,labelwalking,labelwalking,labelwalking,labelwalking,labelwalking
1970-01-01 00:58:46.200,labelwalking,,labelwalking,labelwalking,labelwalking,labelrunning,labelwalking,labelwalking,labelwalking,labelwalking,labelwalking,labelwalking,labelwalking,labelwalking,labelwalking,labelwalking,labelwalking,labelwalking,labelwalking,labelwalking,labelwalking,labelwalking,labelwalking,labelwalking,labelwalking,labelwalking,labelwalking,labelwalking,labelwalking,labelwalking,labelwalking,labelwalking,labelwalking,labelwalking,labelwalking,labelwalking,labelwalking,labelwalking,labelwalking,labelwalking,labelwalking,labelwalking
1970-01-01 00:58:48.900,labelwalking,,labelwalking,labelwalking,labelwalking,labelwalking,labelwalking,labelwalking,labelwalking,labelwalking,labelwalking,labelwalking,labelwalking,labelwalking,labelwalking,labelwalking,labelwalking,labelwalking,labelwalking,labelwalking,labelwalking,labelwalking,labelwalking,labelwalking,labelwalking,labelwalking,labelwalking,labelwalking,labelwalking,labelwalking,labelwalking,labelwalking,labelwalking,labelrunning,labelwalking,labelwalking,labelwalking,labelwalking,labelwalking,labelwalking,labelwalking,labelwalking
1970-01-01 00:58:51.600,labelwalking,,labelwalking,labelwalking,labelwalking,labelwalking,labelwalking,labelwalking,labelwalking,labelwalking,labelwalking,labelwalking,labelwalking,labelwalking,labelwalking,labelwalking,labelwalking,labelwalking,labelwalking,labelwalking,labelwalking,labelwalking,labelwalking,labelwalking,labelwalking,labelwalking,labelwalking,labelwalking,labelwalking,labelwalking,labelwalking,labelwalking,labelwalking,labelwalking,labelwalking,labelwalking,labelwalking,labelwalking,labelwalking,labelwalking,labelwalking,labelwalking
1970-01-01 00:58:54.300,labelwalking,,labelwalking,labelwalking,labelwalking,labelwalking,labelwalking,labelwalking,labelwalking,labelwalking,labelwalking,labelwalking,labelwalking,labelwalking,labelwalking,labelwalking,labelwalking,labelwalking,labelwalking,labelwalking,labelwalking,labelwalking,labelwalking,labelwalking,labelwalking,labelwalking,labelwalking,labelwalking,labelwalking,labelwalking,labelwalking,labelwalking,labelwalking,labelrunning,labelwalking,labelwalking,labelwalking,labelwalking,labelwalking,labelwalking,labelwalking,labelwalking
1970-01-01 00:58:57.000,labelwalking,,labelwalking,labelwalking,labelwalking,labelwalking,labelwalking,labelwalking,labelwalking,labelwalking,labelwalking,labelwalking,labelwalking,labelwalking,labelwalking,labelwalking,labelwalking,labelwalking,labelwalking,labelwalking,labelwalking,labelwalking,labelwalking,labelwalking,labelwalking,labelwalking,labelwalking,labelwalking,labelwalking,labelwalking,labelwalking,labelwalking,labelwalking,labelrunning,labelwalking,labelwalking,labelwalking,labelwalking,labelwalking,labelwalking,labelwalking,labelwalking
1970-01-01 00:58:59.700,labelwalking,,labelwalking,labelwalking,labelwalking,labelwalking,labelwalking,labelwalking,labelwalking,labelwalking,labelwalking,labelwalking,labelwalking,labelwalking,labelwalking,labelwalking,labelwalking,labelwalking,labelwalking,labelwalking,labelwalking,labelwalking,labelwalking,labelwalking,labelwalking,labelwalking,labelwalking,labelwalking,labelwalking,labelwalking,labelwalking,labelwalking,labelwalking,labelrunning,labelwalking,labelwalking,labelwalking,labelwalking,labelwalking,labelwalking,labelwalking,labelwalking
1970-01-01 00:59:02.400,labelwalking,,labelwalking,labelwalking,labelwalking,labelwalking,labelwalking,labelwalking,labelwalking,labelwalking,labelwalking,labelwalking,labelwalking,labelwalking,labelwalking,labelwalking,labelwalking,labelwalking,labelwalking,labelwalking,labelwalking,labelwalking,labelwalking,labelwalking,labelwalking,labelwalking,labelwalking,labelwalking,labelwalking,labelwalking,labelwalking,labelwalking,labelwalking,labelwalking,labelwalking,labelwalking,labelwalking,labelwalking,labelwalking,labelwalking,labelwalking,labelwalking
1970-01-01 00:59:05.100,labelwalking,,labelwalking,labelwalking,labelwalking,labelwalking,labelwalking,labelwalking,labelwalking,labelwalking,labelwalking,labelwalking,labelwalking,labelwalking,labelwalking,labelwalking,labelwalking,labelwalking,labelwalking,labelwalking,labelwalking,labelwalking,labelwalking,labelwalking,labelwalking,labelwalking,labelwalking,labelwalking,labelwalking,labelwalking,labelwalking,labelwalking,labelwalking,labelwalking,labelwalking,labelwalking,labelwalking,labelwalking,labelwalking,labelwalking,labelwalking,labelwalking
1970-01-01 00:59:07.800,labelwalking,,labelwalking,labelrunning,labelwalking,labelwalking,labelwalking,labelwalking,labelwalking,labelwalking,labelwalking,labelwalking,labelwalking,labelwalking,labelwalking,labelwalking,labelwalking,labelwalking,labelwalking,labelwalking,labelwalking,labelwalking,labelwalking,labelwalking,labelwalking,labelwalking,labelwalking,labelrunning,labelwalking,labelwalking,labelwalking,labelwalking,labelwalking,labelwalking,labelwalking,labelwalking,labelwalking,labelwalking,labelwalking,labelwalking,labelwalking,labelwalking
1970-01-01 00:59:10.500,labelwalking,,labelwalking,labelwalking,labelwalking,labelwalking,labelwalking,labelwalking,labelwalking,labelwalking,labelwalking,labelwalking,labelwalking,labelwalking,labelwalking,labelwalking,labelwalking,labelwalking,labelwalking,labelwalking,labelwalking,labelwalking,labelwalking,labelwalking,labelwalking,labelwalking,labelwalking,labelwalking,labelwalking,labelwalking,labelwalking,labelwalking,labelwalking,labelwalking,labelwalking,labelwalking,labelwalking,labelwalking,labelwalking,labelwalking,labelwalking,labelwalking
1970-01-01 00:59:13.200,labelwalking,,labelwalking,labelwalking,labelwalking,labelwalking,labelwalking,labelwalking,labelwalking,labelwalking,labelwalking,labelwalking,labelwalking,labelwalking,labelwalking,labelwalking,labelwalking,labelwalking,labelwalking,labelwalking,labelwalking,labelwalking,labelwalking,labelwalking,labelwalking,labelwalking,labelwalking,labelwalking,labelwalking,labelwalking,labelwalking,labelwalking,labelwalking,labelwalking,labelwalking,labelwalking,labelwalking,labelwalking,labelwalking,labelwalking,labelwalking,labelwalking
1970-01-01 00:59:15.900,labelwalking,,labelwalking,labelwalking,labelwalking,labelwalking,labelwalking,labelwalking,labelwalking,labelwalking,labelwalking,labelwalking,labelwalking,labelwalking,labelwalking,labelwalking,labelwalking,labelwalking,labelwalking,labelwalking,labelwalking,labelwalking,labelwalking,labelwalking,labelwalking,labelwalking,labelwalking,labelwalking,labelwalking,labelwalking,labelwalking,labelwalking,labelwalking,labelwalking,labelwalking,labelwalking,labelwalking,labelwalking,labelwalking,labelwalking,labelwalking,labelwalking
1970-01-01 00:59:18.600,labelwalking,,labelwalking,labelwalking,labelwalking,labelwalking,labelwalking,labelwalking,labelwalking,labelwalking,labelwalking,labelwalking,labelwalking,labelwalking,labelwalking,labelwalking,labelwalking,labelwalking,labelwalking,labelwalking,labelwalking,labelwalking,labelwalking,labelwalking,labelwalking,labelwalking,labelwalking,labelwalking,labelwalking,labelwalking,labelwalking,labelwalking,labelwalking,labelwalking,labelwalking,labelwalking,labelwalking,labelwalking,labelwalking,labelwalking,labelwalking,labelwalking
1970-01-01 00:59:21.300,labelwalking,,labelwalking,labelwalking,labelwalking,labelwalking,labelwalking,labelwalking,labelwalking,labelwalking,labelwalking,labelwalking,labelwalking,labelwalking,labelwalking,labelwalking,labelwalking,labelwalking,labelwalking,labelwalking,labelwalking,labelwalking,labelwalking,labelwalking,labelwalking,labelwalking,labelwalking,labelwalking,labelwalking,labelwalking,labelwalking,labelwalking,labelwalking,labelwalking,labelwalking,labelwalking,labelwalking,labelwalking,labelwalking,labelwalking,labelwalking,labelwalking
1970-01-01 00:59:24.000,labelwalking,,labelwalking,labelwalking,labelwalking,labelwalking,labelwalking,labelwalking,labelwalking,labelwalking,labelwalking,labelwalking,labelwalking,labelwalking,labelwalking,labelwalking,labelwalking,labelwalking,labelwalking,labelwalking,labelwalking,labelwalking,labelwalking,labelwalking,labelwalking,labelwalking,labelwalking,labelwalking,labelwalking,labelwalking,labelwalking,labelwalking,labelwalking,labelwalking,labelwalking,labelwalking,labelwalking,labelwalking,labelwalking,labelwalking,labelwalking,labelwalking
1970-01-01 00:59:26.700,labelwalking,,labelwalking,labelwalking,labelwalking,labelwalking,labelwalking,labelwalking,labelwalking,labelwalking,labelwalking,labelwalking,labelwalking,labelwalking,labelwalking,labelrunning,labelwalking,labelwalking,labelwalking,labelwalking,labelwalking,labelwalking,labelwalking,labelwalking,labelwalking,labelwalking,labelwalking,labelwalking,labelwalking,labelwalking,labelwalking,labelwalking,labelwalking,labelwalking,labelwalking,labelwalking,labelwalking,labelwalking,labelwalking,labelwalking,labelwalking,labelwalking
1970-01-01 00:59:29.400,labelwalking,,labelwalking,labelwalking,labelwalking,labelwalking,labelwalking,labelwalking,labelwalking,labelwalking,labelwalking,labelwalking,labelwalking,labelwalking,labelwalking,labelwalking,labelwalking,labelwalking,labelwalking,labelwalking,labelwalking,labelwalking,labelwalking,labelwalking,labelwalking,labelwalking,labelwalking,labelwalking,labelwalking,labelwalking,labelwalking,labelwalking,labelwalking,labelwalking,labelwalking,labelwalking,labelwalking,labelwalking,labelwalking,labelwalking,labelwalking,labelwalking
1970-01-01 00:59:32.100,labelwalking,,labelwalking,labelwalking,labelwalking,labelwalking,labelwalking,labelwalking,labelwalking,labelwalking,labelwalking,labelwalking,labelwalking,labelwalking,labelwalking,labelwalking,labelwalking,labelwalking,labelwalking,labelwalking,labelwalking,labelwalking,labelwalking,labelwalking,labelwalking,labelwalking,labelwalking,labelwalking,labelwalking,labelwalking,labelwalking,labelwalking,labelwalking,labelrunning,labelwalking,labelwalking,labelwalking,labelwalking,labelwalking,labelwalking,labelwalking,labelwalking
1970-01-01 00:59:34.800,labelwalking,,labelwalking,labelwalking,labelwalking,labelwalking,labelwalking,labelwalking,labelwalking,labelwalking,labelwalking,labelwalking,labelwalking,labelwalking,labelwalking,labelwalking,labelwalking,labelwalking,labelwalking,labelwalking,labelwalking,labelwalking,labelwalking,labelwalking,labelwalking,labelwalking,labelwalking,labelwalking,labelwalking,labelwalking,labelwalking,labelwalking,labelwalking,labelrunning,labelwalking,labelwalking,labelwalking,labelwalking,labelwalking,labelwalking,labelwalking,labelwalking
1970-01-01 00:59:37.500,labelwalking,,labelwalking,labelwalking,labelwalking,labelwalking,labelwalking,labelwalking,labelwalking,labelwalking,labelwalking,labelwalking,labelwalking,labelwalking,labelwalking,labelwalking,labelwalking,labelwalking,labelwalking,labelwalking,labelwalking,labelwalking,labelwalking,labelwalking,labelwalking,labelwalking,labelwalking,labelwalking,labelwalking,labelwalking,labelwalking,labelwalking,labelwalking,labelrunning,labelwalking,labelwalking,labelwalking,labelwalking,labelwalking,labelwalking,labelwalking,labelwalking
1970-01-01 00:59:40.200,labelwalking,,labelwalking,labelwalking,labelwalking,labelwalking,labelwalking,labelwalking,labelwalking,labelwalking,labelwalking,labelwalking,labelwalking,labelwalking,labelwalking,labelwalking,labelwalking,labelwalking,labelwalking,labelwalking,labelwalking,labelwalking,labelwalking,labelwalking,labelwalking,labelwalking,labelwalking,labelwalking,labelwalking,labelwalking,labelwalking,labelwalking,labelwalking,labelwalking,labelwalking,labelwalking,labelwalking,labelwalking,labelwalking,labelwalking,labelwalking,labelwalking
1970-01-01 00:59:42.900,labelwalking,,labelwalking,labelwalking,labelwalking,labelwalking,labelwalking,labelwalking,labelwalking,labelwalking,labelwalking,labelwalking,labelwalking,labelwalking,labelwalking,labelwalking,labelwalking,labelwalking,labelwalking,labelwalking,labelwalking,labelwalking,labelwalking,labelwalking,labelwalking,labelwalking,labelwalking,labelwalking,labelwalking,labelwalking,labelwalking,labelwalking,labelwalking,labelwalking,labelwalking,labelwalking,labelwalking,labelwalking,labelwalking,labelwalking,labelwalking,labelwalking
1970-01-01 00:59:45.600,labelwalking,,labelwalking,labelwalking,labelwalking,labelwalking,labelwalking,labelwalking,labelwalking,labelwalking,labelwalking,labelwalking,labelwalking,labelwalking,labelwalking,labelwalking,labelwalking,labelwalking,labelwalking,labelwalking,labelwalking,labelwalking,labelwalking,labelwalking,labelwalking,labelwalking,labelwalking,labelwalking,labelwalking,labelwalking,labelwalking,labelwalking,labelwalking,labelwalking,labelwalking,labelwalking,labelwalking,labelwalking,labelwalking,labelwalking,labelwalking,labelwalking
1970-01-01 00:59:48.300,labelwalking,,labelwalking,labelwalking,labelwalking,labelwalking,labelwalking,labelwalking,labelwalking,labelwalking,labelwalking,labelwalking,labelwalking,labelwalking,labelwalking,labelwalking,labelwalking,labelwalking,labelwalking,labelwalking,labelwalking,labelwalking,labelwalking,labelwalking,labelwalking,labelwalking,labelwalking,labelwalking,labelwalking,labelwalking,labelwalking,labelwalking,labelwalking,labelwalking,labelwalking,labelwalking,labelwalking,labelwalking,labelwalking,labelwalking,labelwalking,labelwalking
1970-01-01 00:59:51.000,labelwalking,,labelwalking,labelwalking,labelwalking,labelwalking,labelwalking,labelwalking,labelwalking,labelwalking,labelwalking,labelwalking,labelwalking,labelwalking,labelwalking,labelwalking,labelwalking,labelwalking,labelwalking,labelwalking,labelwalking,labelwalking,labelwalking,labelwalking,labelwalking,labelwalking,labelwalking,labelwalking,labelwalking,labelwalking,labelwalking,labelwalking,labelwalking,labelwalking,labelwalking,labelwalking,labelwalking,labelwalking,labelwalking,labelwalking,labelwalking,labelwalking
1970-01-01 00:59:53.700,labelwalking,,labelwalking,labelwalking,labelwalking,labelwalking,labelwalking,labelwalking,labelwalking,labelwalking,labelwalking,labelwalking,labelwalking,labelwalking,labelwalking,labelwalking,labelwalking,labelwalking,labelwalking,labelwalking,labelwalking,labelwalking,labelwalking,labelwalking,labelwalking,labelwalking,labelwalking,labelwalking,labelwalking,labelwalking,labelwalking,labelwalking,labelwalking,labelwalking,labelwalking,labelwalking,labelwalking,labelwalking,labelwalking,labelwalking,labelwalking,labelwalking
1970-01-01 00:59:56.400,labelwalking,,labelwalking,labelwalking,labelwalking,labelwalking,labelwalking,labelwalking,labelwalking,labelwalking,labelwalking,labelwalking,labelwalking,labelwalking,labelwalking,labelwalking,labelwalking,labelwalking,labelwalking,labelwalking,labelwalking,labelwalking,labelwalking,labelwalking,labelwalking,labelwalking,labelwalking,labelwalking,labelwalking,labelwalking,labelwalking,labelwalking,labelwalking,labelwalking,labelwalking,labelwalking,labelwalking,labelwalking,labelwalking,labelwalking,labelwalking,labelwalking
1970-01-01 01:00:28.800,labelrunning,,labelrunning,labelrunning,labelrunning,labelrunning,labelrunning,labelwalking,labelrunning,labelrunning,labelrunning,labelrunning,labelrunning,labelwalking,labelrunning,labelrunning,labelrunning,labelrunning,labelrunning,labelwalking,labelrunning,labelrunning,labelrunning,labelrunning,labelrunning,labelwalking,labelrunning,labelwalking,labelrunning,labelrunning,labelrunning,labelwalking,labelrunning,labelwalking,labelrunning,labelrunning,labelrunning,labelrunning,labelrunning,labelrunning,labelrunning,labelrunning
1970-01-01 01:00:31.500,labelrunning,,labelrunning,labelrunning,labelrunning,labelrunning,labelrunning,labelrunning,labelrunning,labelrunning,labelrunning,labelrunning,labelrunning,labelrunning,labelrunning,labelrunning,labelrunning,labelrunning,labelrunning,labelrunning,labelrunning,labelrunning,labelrunning,labelrunning,labelrunning,labelrunning,labelrunning,labelrunning,labelrunning,labelrunning,labelrunning,labelrunning,labelrunning,labelrunning,labelrunning,labelrunning,labelrunning,labelrunning,labelrunning,labelrunning,labelrunning,labelrunning
1970-01-01 01:00:34.200,labelrunning,,labelrunning,labelrunning,labelrunning,labelrunning,labelrunning,labelrunning,labelrunning,labelrunning,labelrunning,labelrunning,labelrunning,labelrunning,labelrunning,labelrunning,labelrunning,labelrunning,labelrunning,labelrunning,labelrunning,labelrunning,labelrunning,labelrunning,labelrunning,labelrunning,labelrunning,labelrunning,labelrunning,labelrunning,labelrunning,labelrunning,labelrunning,labelrunning,labelrunning,labelrunning,labelrunning,labelrunning,labelrunning,labelrunning,labelrunning,labelrunning
1970-01-01 01:00:36.900,labelrunning,,labelrunning,labelrunning,labelrunning,labelrunning,labelrunning,labelrunning,labelrunning,labelrunning,labelrunning,labelrunning,labelrunning,labelrunning,labelrunning,labelrunning,labelrunning,labelrunning,labelrunning,labelrunning,labelrunning,labelrunning,labelrunning,labelrunning,labelrunning,labelrunning,labelrunning,labelrunning,labelrunning,labelrunning,labelrunning,labelrunning,labelrunning,labelrunning,labelrunning,labelrunning,labelrunning,labelrunning,labelrunning,labelrunning,labelrunning,labelrunning
1970-01-01 01:00:39.600,labelrunning,,labelrunning,labelrunning,labelrunning,labelrunning,labelrunning,labelrunning,labelrunning,labelrunning,labelrunning,labelrunning,labelrunning,labelrunning,labelrunning,labelrunning,labelrunning,labelrunning,labelrunning,labelrunning,labelrunning,labelrunning,labelrunning,labelrunning,labelrunning,labelrunning,labelrunning,labelrunning,labelrunning,labelrunning,labelrunning,labelrunning,labelrunning,labelrunning,labelrunning,labelrunning,labelrunning,labelrunning,labelrunning,labelrunning,labelrunning,labelrunning
1970-01-01 01:00:42.300,labelrunning,,labelrunning,labelrunning,labelrunning,labelrunning,labelrunning,labelrunning,labelrunning,labelrunning,labelrunning,labelrunning,labelrunning,labelrunning,labelrunning,labelrunning,labelrunning,labelrunning,labelrunning,labelrunning,labelrunning,labelrunning,labelrunning,labelrunning,labelrunning,labelrunning,labelrunning,labelrunning,labelrunning,labelrunning,labelrunning,labelrunning,labelrunning,labelrunning,labelrunning,labelrunning,labelrunning,labelrunning,labelrunning,labelrunning,labelrunning,labelrunning
1970-01-01 01:00:45.000,labelrunning,,labelrunning,labelrunning,labelrunning,labelrunning,labelrunning,labelrunning,labelrunning,labelrunning,labelrunning,labelrunning,labelrunning,labelrunning,labelrunning,labelrunning,labelrunning,labelrunning,labelrunning,labelrunning,labelrunning,labelrunning,labelrunning,labelrunning,labelrunning,labelrunning,labelrunning,labelrunning,labelrunning,labelrunning,labelrunning,labelrunning,labelrunning,labelrunning,labelrunning,labelrunning,labelrunning,labelrunning,labelrunning,labelrunning,labelrunning,labelrunning
1970-01-01 01:00:47.700,labelrunning,,labelrunning,labelrunning,labelrunning,labelrunning,labelrunning,labelrunning,labelrunning,labelrunning,labelrunning,labelrunning,labelrunning,labelrunning,labelrunning,labelrunning,labelrunning,labelrunning,labelrunning,labelrunning,labelrunning,labelrunning,labelrunning,labelrunning,labelrunning,labelrunning,labelrunning,labelrunning,labelrunning,labelrunning,labelrunning,labelrunning,labelrunning,labelrunning,labelrunning,labelrunning,labelrunning,labelrunning,labelrunning,labelrunning,labelrunning,labelrunning
1970-01-01 01:00:50.400,labelrunning,,labelrunning,labelrunning,labelrunning,labelrunning,labelrunning,labelrunning,labelrunning,labelrunning,labelrunning,labelrunning,labelrunning,labelrunning,labelrunning,labelrunning,labelrunning,labelrunning,labelrunning,labelrunning,labelrunning,labelrunning,labelrunning,labelrunning,labelrunning,labelrunning,labelrunning,labelrunning,labelrunning,labelrunning,labelrunning,labelrunning,labelrunning,labelrunning,labelrunning,labelrunning,labelrunning,labelrunning,labelrunning,labelrunning,labelrunning,labelrunning
1970-01-01 01:00:53.100,labelrunning,,labelrunning,labelrunning,labelrunning,labelrunning,labelrunning,labelrunning,labelrunning,labelrunning,labelrunning,labelrunning,labelrunning,labelrunning,labelrunning,labelrunning,labelrunning,labelrunning,labelrunning,labelrunning,labelrunning,labelrunning,labelrunning,labelrunning,labelrunning,labelrunning,labelrunning,labelrunning,labelrunning,labelrunning,labelrunning,labelrunning,labelrunning,labelrunning,labelrunning,labelrunning,labelrunning,labelrunning,labelrunning,labelrunning,labelrunning,labelrunning
1970-01-01 01:00:55.800,labelrunning,,labelrunning,labelwalking,labelrunning,labelrunning,labelrunning,labelwalking,labelrunning,labelwalking,labelrunning,labelrunning,labelrunning,labelwalking,labelrunning,labelwalking,labelrunning,labelrunning,labelrunning,labelwalking,labelrunning,labelwalking,labelrunning,labelrunning,labelrunning,labelwalking,labelrunning,labelwalking,labelrunning,labelrunning,labelrunning,labelwalking,labelrunning,labelwalking,labelrunning,labelrunning,labelrunning,labelrunning,labelrunning,labelrunning,labelrunning,labelrunning
1970-01-01 01:00:58.500,labelrunning,,labelrunning,labelrunning,labelrunning,labelrunning,labelrunning,labelrunning,labelrunning,labelrunning,labelrunning,labelrunning,labelrunning,labelrunning,labelrunning,labelrunning,labelrunning,labelrunning,labelrunning,labelrunning,labelrunning,labelrunning,labelrunning,labelrunning,labelrunning,labelrunning,labelrunning,labelrunning,labelrunning,labelrunning,labelrunning,labelrunning,labelrunning,labelrunning,labelrunning,labelrunning,labelrunning,labelrunning,labelrunning,labelrunning,labelrunning,labelrunning
1970-01-01 01:01:01.200,labelrunning,,labelrunning,labelrunning,labelrunning,labelrunning,labelrunning,labelrunning,labelrunning,labelrunning,labelrunning,labelrunning,labelrunning,labelrunning,labelrunning,labelrunning,labelrunning,labelrunning,labelrunning,labelrunning,labelrunning,labelrunning,labelrunning,labelrunning,labelrunning,labelrunning,labelrunning,labelrunning,labelrunning,labelrunning,labelrunning,labelrunning,labelrunning,labelrunning,labelrunning,labelrunning,labelrunning,labelrunning,labelrunning,labelrunning,labelrunning,labelrunning
1970-01-01 01:01:03.900,labelrunning,,labelrunning,labelrunning,labelrunning,labelrunning,labelrunning,labelrunning,labelrunning,labelrunning,labelrunning,labelrunning,labelrunning,labelrunning,labelrunning,labelrunning,labelrunning,labelrunning,labelrunning,labelrunning,labelrunning,labelrunning,labelrunning,labelrunning,labelrunning,labelrunning,labelrunning,labelrunning,labelrunning,labelrunning,labelrunning,labelrunning,labelrunning,labelrunning,labelrunning,labelrunning,labelrunning,labelrunning,labelrunning,labelrunning,labelrunning,labelrunning
1970-01-01 01:01:06.600,labelrunning,,labelrunning,labelrunning,labelrunning,labelrunning,labelrunning,labelrunning,labelrunning,labelrunning,labelrunning,labelrunning,labelrunning,labelrunning,labelrunning,labelrunning,labelrunning,labelrunning,labelrunning,labelrunning,labelrunning,labelrunning,labelrunning,labelrunning,labelrunning,labelrunning,labelrunning,labelrunning,labelrunning,labelrunning,labelrunning,labelrunning,labelrunning,labelrunning,labelrunning,labelrunning,labelrunning,labelrunning,labelrunning,labelrunning,labelrunning,labelrunning
1970-01-01 01:01:09.300,labelrunning,,labelrunning,labelwalking,labelrunning,labelwalking,labelrunning,labelwalking,labelrunning,labelwalking,labelrunning,labelwalking,labelrunning,labelwalking,labelrunning,labelwalking,labelrunning,labelwalking,labelrunning,labelwalking,labelrunning,labelwalking,labelrunning,labelwalking,labelrunning,labelwalking,labelrunning,labelwalking,labelrunning,labelwalking,labelrunning,labelwalking,labelrunning,labelwalking,labelrunning,labelwalking,labelrunning,labelwalking,labelrunning,labelwalking,labelrunning,labelwalking
1970-01-01 01:01:12.000,labelrunning,,labelrunning,labelrunning,labelrunning,labelrunning,labelrunning,labelrunning,labelrunning,labelrunning,labelrunning,labelrunning,labelrunning,labelrunning,labelrunning,labelrunning,labelrunning,labelrunning,labelrunning,labelrunning,labelrunning,labelrunning,labelrunning,labelrunning,labelrunning,labelrunning,labelrunning,labelrunning,labelrunning,labelrunning,labelrunning,labelrunning,labelrunning,labelrunning,labelrunning,labelwalking,labelrunning,labelrunning,labelrunning,labelrunning,labelrunning,labelrunning
1970-01-01 01:01:14.700,labelrunning,,labelrunning,labelrunning,labelrunning,labelrunning,labelrunning,labelrunning,labelrunning,labelrunning,labelrunning,labelrunning,labelrunning,labelrunning,labelrunning,labelrunning,labelrunning,labelrunning,labelrunning,labelrunning,labelrunning,labelrunning,labelrunning,labelrunning,labelrunning,labelrunning,labelrunning,labelrunning,labelrunning,labelrunning,labelrunning,labelrunning,labelrunning,labelrunning,labelrunning,labelwalking,labelrunning,labelrunning,labelrunning,labelrunning,labelrunning,labelrunning
1970-01-01 01:01:17.400,labelrunning,,labelrunning,labelrunning,labelrunning,labelrunning,labelrunning,labelrunning,labelrunning,labelrunning,labelrunning,labelrunning,labelrunning,labelrunning,labelrunning,labelrunning,labelrunning,labelrunning,labelrunning,labelrunning,labelrunning,labelrunning,labelrunning,labelrunning,labelrunning,labelrunning,labelrunning,labelrunning,labelrunning,labelrunning,labelrunning,labelrunning,labelrunning,labelrunning,labelrunning,labelwalking,labelrunning,labelrunning,labelrunning,labelrunning,labelrunning,labelrunning
1970-01-01 01:01:20.100,labelrunning,,labelrunning,labelwalking,labelrunning,labelwalking,labelrunning,labelwalking,labelrunning,labelwalking,labelrunning,labelwalking,labelrunning,labelwalking,labelrunning,labelwalking,labelrunning,labelwalking,labelrunning,labelwalking,labelrunning,labelwalking,labelrunning,labelwalking,labelrunning,labelwalking,labelrunning,labelwalking,labelrunning,labelrunning,labelrunning,labelwalking,labelrunning,labelwalking,labelrunning,labelwalking,labelrunning,labelrunning,labelrunning,labelwalking,labelrunning,labelwalking
1970-01-01 01:01:22.800,labelrunning,,labelrunning,labelrunning,labelrunning,labelrunning,labelrunning,labelrunning,labelrunning,labelrunning,labelrunning,labelrunning,labelrunning,labelrunning,labelrunning,labelrunning,labelrunning,labelrunning,labelrunning,labelrunning,labelrunning,labelrunning,labelrunning,labelrunning,labelrunning,labelrunning,labelrunning,labelrunning,labelrunning,labelrunning,labelrunning,labelrunning,labelrunning,labelrunning,labelrunning,labelwalking,labelrunning,labelrunning,labelrunning,labelwalking,labelrunning,labelrunning
1970-01-01 01:01:25.500,labelrunning,,labelrunning,labelrunning,labelrunning,labelrunning,labelrunning,labelrunning,labelrunning,labelrunning,labelrunning,labelrunning,labelrunning,labelrunning,labelrunning,labelrunning,labelrunning,labelrunning,labelrunning,labelrunning,labelrunning,labelrunning,labelrunning,labelrunning,labelrunning,labelrunning,labelrunning,labelrunning,labelrunning,labelrunning,labelrunning,labelrunning,labelrunning,labelrunning,labelrunning,labelrunning,labelrunning,labelrunning,labelrunning,labelrunning,labelrunning,labelrunning
1970-01-01 01:01:28.200,labelrunning,,labelrunning,labelrunning,labelrunning,labelrunning,labelrunning,labelrunning,labelrunning,labelrunning,labelrunning,labelrunning,labelrunning,labelrunning,labelrunning,labelrunning,labelrunning,labelrunning,labelrunning,labelrunning,labelrunning,labelrunning,labelrunning,labelrunning,labelrunning,labelrunning,labelrunning,labelrunning,labelrunning,labelrunning,labelrunning,labelrunning,labelrunning,labelrunning,labelrunning,labelrunning,labelrunning,labelrunning,labelrunning,labelrunning,labelrunning,labelrunning
1970-01-01 01:01:30.900,labelrunning,,labelrunning,labelrunning,labelrunning,labelrunning,labelrunning,labelrunning,labelrunning,labelrunning,labelrunning,labelrunning,labelrunning,labelrunning,labelrunning,labelrunning,labelrunning,labelrunning,labelrunning,labelrunning,labelrunning,labelrunning,labelrunning,labelrunning,labelrunning,labelrunning,labelrunning,labelrunning,labelrunning,labelrunning,labelrunning,labelrunning,labelrunning,labelrunning,labelrunning,labelwalking,labelrunning,labelrunning,labelrunning,labelwalking,labelrunning,labelrunning
1970-01-01 01:01:33.600,labelrunning,,labelrunning,labelrunning,labelrunning,labelrunning,labelrunning,labelrunning,labelrunning,labelrunning,labelrunning,labelwalking,labelrunning,labelrunning,labelrunning,labelrunning,labelrunning,labelrunning,labelrunning,labelrunning,labelrunning,labelrunning,labelrunning,labelrunning,labelrunning,labelrunning,labelrunning,labelrunning,labelrunning,labelrunning,labelrunning,labelrunning,labelrunning,labelrunning,labelrunning,labelwalking,labelrunning,labelrunning,labelrunning,labelwalking,labelrunning,labelrunning
1970-01-01 01:01:36.300,labelrunning,,labelrunning,labelrunning,labelrunning,labelwalking,labelrunning,labelrunning,labelrunning,labelrunning,labelrunning,labelrunning,labelrunning,labelrunning,labelrunning,labelrunning,labelrunning,labelrunning,labelrunning,labelrunning,labelrunning,labelrunning,labelrunning,labelrunning,labelrunning,labelrunning,labelrunning,labelrunning,labelrunning,labelrunning,labelrunning,labelrunning,labelrunning,labelrunning,labelwalking,labelwalking,labelrunning,labelrunning,labelrunning,labelwalking,labelrunning,labelrunning
1970-01-01 01:01:39.000,labelrunning,,labelrunning,labelwalking,labelrunning,labelrunning,labelrunning,labelwalking,labelrunning,labelwalking,labelrunning,labelwalking,labelrunning,labelwalking,labelrunning,labelwalking,labelrunning,labelwalking,labelrunning,labelwalking,labelrunning,labelwalking,labelrunning,labelwalking,labelrunning,labelwalking,labelrunning,labelwalking,labelrunning,labelwalking,labelrunning,labelwalking,labelrunning,labelwalking,labelwalking,labelwalking,labelrunning,labelrunning,labelrunning,labelwalking,labelrunning,labelwalking
1970-01-01 01:01:41.700,labelrunning,,labelrunning,labelrunning,labelrunning,labelrunning,labelrunning,labelrunning,labelrunning,labelrunning,labelrunning,labelrunning,labelrunning,labelrunning,labelrunning,labelrunning,labelrunning,labelrunning,labelrunning,labelrunning,labelrunning,labelrunning,labelrunning,labelrunning,labelrunning,labelrunning,labelrunning,labelrunning,labelrunning,labelrunning,labelrunning,labelrunning,labelrunning,labelrunning,labelwalking,labelwalking,labelrunning,labelrunning,labelrunning,labelwalking,labelrunning,labelrunning
1970-01-01 01:01:44.400,labelrunning,,labelrunning,labelrunning,labelrunning,labelrunning,labelrunning,labelrunning,labelrunning,labelrunning,labelrunning,labelrunning,labelrunning,labelrunning,labelrunning,labelrunning,labelrunning,labelrunning,labelrunning,labelrunning,labelrunning,labelrunning,labelrunning,labelrunning,labelrunning,labelrunning,labelrunning,labelrunning,labelrunning,labelrunning,labelrunning,labelrunning,labelrunning,labelrunning,labelrunning,labelwalking,labelrunning,labelrunning,labelrunning,labelwalking,labelrunning,labelrunning
1970-01-01 01:01:47.100,labelrunning,,labelrunning,labelrunning,labelrunning,labelrunning,labelrunning,labelrunning,labelrunning,labelrunning,labelrunning,labelrunning,labelrunning,labelrunning,labelrunning,labelrunning,labelrunning,labelrunning,labelrunning,labelrunning,labelrunning,labelrunning,labelrunning,labelrunning,labelrunning,labelrunning,labelrunning,labelrunning,labelrunning,labelrunning,labelrunning,labelrunning,labelrunning,labelrunning,labelrunning,labelwalking,labelrunning,labelrunning,labelrunning,labelwalking,labelrunning,labelrunning
1970-01-01 01:01:49.800,labelrunning,,labelrunning,labelrunning,labelrunning,labelrunning,labelrunning,labelrunning,labelrunning,labelrunning,labelrunning,labelrunning,labelrunning,labelrunning,labelrunning,labelrunning,labelrunning,labelrunning,labelrunning,labelrunning,labelrunning,labelrunning,labelrunning,labelrunning,labelrunning,labelrunning,labelrunning,labelrunning,labelrunning,labelrunning,labelrunning,labelrunning,labelrunning,labelrunning,labelrunning,labelwalking,labelrunning,labelrunning,labelrunning,labelwalking,labelrunning,labelrunning
1970-01-01 01:01:52.500,labelrunning,,labelrunning,labelrunning,labelrunning,labelrunning,labelrunning,labelrunning,labelrunning,labelrunning,labelrunning,labelrunning,labelrunning,labelrunning,labelrunning,labelrunning,labelrunning,labelrunning,labelrunning,labelrunning,labelrunning,labelrunning,labelrunning,labelrunning,labelrunning,labelrunning,labelrunning,labelrunning,labelrunning,labelrunning,labelrunning,labelrunning,labelrunning,labelrunning,labelwalking,labelwalking,labelrunning,labelrunning,labelrunning,labelwalking,labelrunning,labelrunning
1970-01-01 01:01:55.200,labelrunning,,labelrunning,labelrunning,labelrunning,labelrunning,labelrunning,labelrunning,labelrunning,labelrunning,labelrunning,labelwalking,labelrunning,labelrunning,labelrunning,labelrunning,labelrunning,labelwalking,labelrunning,labelrunning,labelrunning,labelrunning,labelrunning,labelwalking,labelrunning,labelrunning,labelrunning,labelrunning,labelrunning,labelwalking,labelrunning,labelrunning,labelrunning,labelrunning,labelwalking,labelwalking,labelrunning,labelrunning,labelrunning,labelwalking,labelrunning,labelwalking
1970-01-01 01:01:57.900,labelrunning,,labelrunning,labelwalking,labelrunning,labelwalking,labelrunning,labelwalking,labelrunning,labelwalking,labelrunning,labelwalking,labelrunning,labelwalking,labelrunning,labelwalking,labelrunning,labelwalking,labelrunning,labelwalking,labelrunning,labelwalking,labelrunning,labelwalking,labelrunning,labelwalking,labelrunning,labelwalking,labelrunning,labelwalking,labelrunning,labelwalking,labelrunning,labelrunning,labelwalking,labelwalking,labelrunning,labelrunning,labelrunning,labelwalking,labelrunning,labelwalking
1970-01-01 01:02:00.600,labelrunning,,labelrunning,labelrunning,labelrunning,labelrunning,labelrunning,labelrunning,labelrunning,labelrunning,labelrunning,labelrunning,labelrunning,labelrunning,labelrunning,labelrunning,labelrunning,labelrunning,labelrunning,labelrunning,labelrunning,labelrunning,labelrunning,labelrunning,labelrunning,labelrunning,labelrunning,labelrunning,labelrunning,labelrunning,labelrunning,labelrunning,labelrunning,labelrunning,labelrunning,labelwalking,labelrunning,labelrunning,labelrunning,labelwalking,labelrunning,labelrunning
1970-01-01 01:02:03.300,labelrunning,,labelrunning,labelrunning,labelrunning,labelrunning,labelrunning,labelrunning,labelrunning,labelrunning,labelrunning,labelwalking,labelrunning,labelrunning,labelrunning,labelrunning,labelrunning,labelwalking,labelrunning,labelrunning,labelrunning,labelrunning,labelrunning,labelwalking,labelrunning,labelrunning,labelrunning,labelrunning,labelrunning,labelwalking,labelrunning,labelrunning,labelrunning,labelrunning,labelrunning,labelwalking,labelrunning,labelrunning,labelrunning,labelwalking,labelrunning,labelwalking
1970-01-01 01:02:06.000,labelrunning,,labelrunning,labelrunning,labelrunning,labelrunning,labelrunning,labelrunning,labelrunning,labelrunning,labelrunning,labelrunning,labelrunning,labelrunning,labelrunning,labelrunning,labelrunning,labelrunning,labelrunning,labelrunning,labelrunning,labelrunning,labelrunning,labelrunning,labelrunning,labelrunning,labelrunning,labelrunning,labelrunning,labelrunning,labelrunning,labelrunning,labelrunning,labelrunning,labelrunning,labelwalking,labelrunning,labelrunning,labelrunning,labelwalking,labelrunning,labelrunning
1970-01-01 01:02:08.700,labelrunning,,labelrunning,labelrunning,labelrunning,labelrunning,labelrunning,labelrunning,labelrunning,labelrunning,labelrunning,labelrunning,labelrunning,labelrunning,labelrunning,labelrunning,labelrunning,labelrunning,labelrunning,labelrunning,labelrunning,labelrunning,labelrunning,labelrunning,labelrunning,labelrunning,labelrunning,labelrunning,labelrunning,labelrunning,labelrunning,labelrunning,labelrunning,labelrunning,labelrunning,labelwalking,labelrunning,labelrunning,labelrunning,labelwalking,labelrunning,labelrunning
1970-01-01 01:02:11.400,labelrunning,,labelrunning,labelrunning,labelrunning,labelrunning,labelrunning,labelrunning,labelrunning,labelrunning,labelrunning,labelrunning,labelrunning,labelrunning,labelrunning,labelrunning,labelrunning,labelrunning,labelrunning,labelrunning,labelrunning,labelrunning,labelrunning,labelrunning,labelrunning,labelrunning,labelrunning,labelrunning,labelrunning,labelrunning,labelrunning,labelrunning,labelrunning,labelrunning,labelrunning,labelwalking,labelrunning,labelrunning,labelrunning,labelwalking,labelrunning,labelrunning
1970-01-01 01:02:14.100,labelrunning,,labelrunning,labelwalking,labelrunning,labelrunning,labelrunning,labelwalking,labelrunning,labelwalking,labelrunning,labelrunning,labelrunning,labelwalking,labelrunning,labelwalking,labelrunning,labelrunning,labelrunning,labelwalking,labelrunning,labelwalking,labelrunning,labelrunning,labelrunning,labelwalking,labelrunning,labelwalking,labelrunning,labelrunning,labelrunning,labelwalking,labelrunning,labelwalking,labelrunning,labelwalking,labelrunning,labelrunning,labelrunning,labelwalking,labelrunning,labelrunning
1970-01-01 01:02:16.800,labelrunning,,labelrunning,labelrunning,labelrunning,labelrunning,labelrunning,labelrunning,labelrunning,labelrunning,labelrunning,labelrunning,labelrunning,labelrunning,labelrunning,labelrunning,labelrunning,labelrunning,labelrunning,labelrunning,labelrunning,labelrunning,labelrunning,labelrunning,labelrunning,labelrunning,labelrunning,labelrunning,labelrunning,labelrunning,labelrunning,labelrunning,labelrunning,labelrunning,labelrunning,labelwalking,labelrunning,labelrunning,labelrunning,labelwalking,labelrunning,labelrunning
1970-01-01 01:02:19.500,labelrunning,,labelrunning,labelrunning,labelrunning,labelrunning,labelrunning,labelrunning,labelrunning,labelrunning,labelrunning,labelrunning,labelrunning,labelrunning,labelrunning,labelrunning,labelrunning,labelrunning,labelrunning,labelrunning,labelrunning,labelrunning,labelrunning,labelrunning,labelrunning,labelrunning,labelrunning,labelrunning,labelrunning,labelrunning,labelrunning,labelrunning,labelrunning,labelrunning,labelrunning,labelwalking,labelrunning,labelrunning,labelrunning,labelwalking,labelrunning,labelrunning
1970-01-01 01:02:22.200,labelrunning,,labelrunning,labelrunning,labelrunning,labelrunning,labelrunning,labelrunning,labelrunning,labelrunning,labelrunning,labelwalking,labelrunning,labelrunning,labelrunning,labelrunning,labelrunning,labelwalking,labelrunning,labelrunning,labelrunning,labelrunning,labelrunning,labelwalking,labelrunning,labelrunning,labelrunning,labelrunning,labelrunning,labelwalking,labelrunning,labelrunning,labelrunning,labelrunning,labelrunning,labelwalking,labelrunning,labelrunning,labelrunning,labelwalking,labelrunning,labelwalking
1970-01-01 01:02:24.900,labelrunning,,labelrunning,labelrunning,labelrunning,labelrunning,labelrunning,labelrunning,labelrunning,labelrunning,labelrunning,labelrunning,labelrunning,labelrunning,labelrunning,labelrunning,labelrunning,labelrunning,labelrunning,labelrunning,labelrunning,labelrunning,labelrunning,labelwalking,labelrunning,labelrunning,labelrunning,labelrunning,labelrunning,labelrunning,labelrunning,labelrunning,labelrunning,labelrunning,labelrunning,labelwalking,labelrunning,labelrunning,labelrunning,labelwalking,labelrunning,labelrunning
1970-01-01 01:02:27.600,labelrunning,,labelrunning,labelrunning,labelrunning,labelrunning,labelrunning,labelrunning,labelrunning,labelrunning,labelrunning,labelrunning,labelrunning,labelrunning,labelrunning,labelrunning,labelrunning,labelrunning,labelrunning,labelrunning,labelrunning,labelrunning,labelrunning,labelrunning,labelrunning,labelrunning,labelrunning,labelrunning,labelrunning,labelrunning,labelrunning,labelrunning,labelrunning,labelrunning,labelwalking,labelwalking,labelrunning,labelrunning,labelrunning,labelwalking,labelrunning,labelrunning
